{
    "loss": 4.049469470977783,
    "accuracy": 0.5035971403121948
}